ItemID,Name,Category,Color,Style,Price
1,White Sweater,Hoodie,Yellow,Streetwear,2090
2,Red Shirt,Dress,Yellow,Formal,2042
3,Brown Dress,Shirt,Yellow,Formal,848
4,Brown Dress,Blazer,Blue,Casual,1439
5,Grey Skirt,Shirt,Black,Sport,950
6,Pink T-Shirt,Shirt,White,Streetwear,1746
7,Pink Skirt,Sweater,White,Vintage,2527
8,Black T-Shirt,Hoodie,Black,Casual,2631
9,Red T-Shirt,Sweater,Red,Vintage,1997
10,Blue Hoodie,Jeans,Green,Sport,1824
11,Black Jeans,Shorts,Grey,Vintage,824
12,Grey Blazer,Sweater,Blue,Streetwear,1777
13,Black Shorts,Shirt,Pink,Vintage,676
14,White Blazer,Jeans,Black,Party,2341
15,White Shorts,Hoodie,Brown,Formal,2687
16,Green Shorts,Shorts,White,Sport,1974
17,Black Blazer,Skirt,Pink,Party,1899
18,Grey T-Shirt,Shorts,Pink,Sport,1622
19,Blue Jeans,Blazer,Grey,Formal,956
20,Blue Blazer,Sweater,Grey,Vintage,750
21,White Hoodie,Skirt,Green,Streetwear,1746
22,Pink Dress,Sweater,Grey,Vintage,2460
23,Yellow T-Shirt,Sweater,Pink,Vintage,627
24,White Hoodie,Dress,Brown,Vintage,2086
25,Brown Jeans,Skirt,Red,Party,2510
26,Brown Dress,Shorts,Black,Formal,1257
27,Blue Blazer,Dress,Brown,Streetwear,808
28,Brown T-Shirt,Jeans,Black,Vintage,2482
29,Brown Skirt,Dress,Grey,Streetwear,2105
30,Yellow Dress,Dress,Grey,Formal,1937
31,Green Skirt,Sweater,Yellow,Casual,2691
32,Pink T-Shirt,Shorts,Pink,Streetwear,381
33,Black Dress,Shirt,Blue,Formal,1194
34,Grey Shirt,Jeans,Green,Casual,1616
35,White Hoodie,Dress,Red,Casual,574
36,Red Shorts,Shirt,Yellow,Vintage,1720
37,Yellow Shirt,Shorts,Grey,Vintage,1375
38,Yellow T-Shirt,Shorts,Green,Casual,2077
39,Red Hoodie,Jeans,Pink,Casual,1797
40,Green Blazer,Blazer,Yellow,Streetwear,862
41,Red Blazer,Hoodie,White,Casual,1104
42,Blue Sweater,Sweater,White,Casual,1777
43,Grey Sweater,Shirt,Red,Vintage,966
44,Yellow Skirt,T-Shirt,Black,Streetwear,459
45,Yellow Shorts,Shorts,Green,Streetwear,758
46,Yellow Shirt,T-Shirt,White,Vintage,462
47,White Jeans,Jeans,White,Party,680
48,Yellow Shorts,Skirt,White,Party,757
49,Pink Jeans,Jeans,Green,Formal,2005
50,Black Blazer,Skirt,Black,Formal,537
51,Pink Sweater,Hoodie,Pink,Party,1191
52,Black Shorts,Dress,Red,Formal,2182
53,Green T-Shirt,Jeans,Black,Casual,2540
54,Yellow Shorts,Skirt,Brown,Streetwear,1337
55,Green Sweater,Sweater,Pink,Sport,2290
56,White Jeans,Dress,Grey,Formal,2472
57,Black Skirt,Shorts,Green,Formal,1161
58,Yellow Blazer,Jeans,Brown,Sport,1928
59,Green Blazer,Hoodie,Grey,Sport,1757
60,Red Dress,Skirt,Black,Vintage,1659
61,Yellow Dress,Blazer,Green,Party,1587
62,Brown Dress,Skirt,Green,Formal,2851
63,Yellow Skirt,Jeans,Pink,Formal,2349
64,Brown Dress,Shirt,Blue,Formal,2068
65,Blue T-Shirt,Shorts,White,Party,1848
66,Blue Hoodie,Skirt,Red,Casual,973
67,Blue T-Shirt,T-Shirt,Yellow,Sport,2815
68,White Sweater,Shorts,White,Formal,1883
69,White Jeans,Hoodie,Green,Vintage,1893
70,Green Blazer,Sweater,Blue,Formal,1462
71,Red Hoodie,Shorts,White,Party,876
72,Brown Sweater,Hoodie,Black,Sport,2534
73,Pink Skirt,Skirt,Black,Vintage,1687
74,Grey Dress,Sweater,Blue,Formal,2113
75,Green Jeans,Shorts,Black,Formal,837
76,White Blazer,Shorts,Yellow,Streetwear,1695
77,Green T-Shirt,Shirt,White,Vintage,1652
78,Yellow Skirt,Shorts,Brown,Casual,2141
79,Yellow Shirt,Hoodie,Grey,Casual,663
80,Black Shirt,Shorts,Brown,Party,731
81,Red Skirt,T-Shirt,Blue,Sport,1641
82,Brown Shorts,T-Shirt,Red,Vintage,1080
83,Black Blazer,T-Shirt,White,Vintage,1616
84,Green Sweater,Blazer,Black,Sport,2786
85,Yellow Sweater,Skirt,Red,Formal,2347
86,Yellow Jeans,Blazer,Pink,Formal,820
87,Yellow Shirt,T-Shirt,White,Formal,1370
88,Red Skirt,Dress,Pink,Sport,2177
89,Grey Dress,Skirt,Grey,Formal,612
90,Black T-Shirt,Blazer,Red,Casual,1289
91,Pink Hoodie,Sweater,Green,Streetwear,2817
92,Yellow Skirt,T-Shirt,Pink,Casual,2299
93,Brown Dress,Jeans,Yellow,Streetwear,327
94,Blue Shorts,Skirt,Red,Formal,2208
95,Green Shorts,Hoodie,Brown,Party,2882
96,Green Hoodie,Skirt,Pink,Formal,2478
97,White Shirt,Jeans,Green,Party,2142
98,Brown Sweater,Dress,Yellow,Sport,1987
99,Pink Blazer,Shorts,Brown,Party,1164
100,Yellow Hoodie,Sweater,Green,Formal,2570
101,Green Jeans,Jeans,Red,Sport,1174
102,Red Shirt,Dress,Grey,Streetwear,489
103,Yellow Jeans,Jeans,White,Sport,2331
104,Yellow Hoodie,Blazer,Blue,Party,984
105,Red Skirt,Shirt,Blue,Formal,2947
106,Green Shirt,T-Shirt,Brown,Casual,314
107,Brown Dress,Dress,Black,Sport,301
108,Blue Shirt,Shirt,White,Party,381
109,Pink Shirt,Shirt,Blue,Sport,2334
110,Green Jeans,Sweater,Green,Formal,2223
111,Grey Sweater,Blazer,Brown,Sport,470
112,Brown T-Shirt,Sweater,Grey,Formal,2998
113,Black T-Shirt,Shorts,Grey,Casual,1894
114,Blue Jeans,Sweater,White,Vintage,313
115,Brown Shorts,Skirt,Pink,Casual,2122
116,Green Dress,T-Shirt,Grey,Sport,795
117,Blue Sweater,Sweater,Green,Formal,2922
118,Grey T-Shirt,Skirt,Yellow,Vintage,1782
119,Green Shorts,Jeans,Pink,Streetwear,2647
120,Black Dress,Hoodie,Pink,Vintage,322
121,Grey Sweater,Sweater,Green,Streetwear,343
122,Brown Shorts,Shorts,White,Casual,2737
123,Green Shirt,Dress,Blue,Streetwear,666
124,Red Shirt,Shorts,Red,Streetwear,1545
125,Blue Jeans,Shorts,Red,Vintage,2491
126,Red Blazer,Skirt,Grey,Streetwear,1402
127,Pink Dress,Hoodie,Green,Streetwear,1294
128,Green Dress,Shorts,Grey,Formal,2210
129,Green Skirt,Skirt,Grey,Sport,2200
130,Brown Blazer,Jeans,Green,Vintage,1059
131,Red Skirt,Dress,Red,Streetwear,2895
132,Pink Shirt,Dress,Red,Sport,2294
133,Red Skirt,Shorts,Blue,Formal,2572
134,Black T-Shirt,Sweater,Red,Sport,1879
135,Black Shorts,T-Shirt,White,Party,1871
136,Red Shirt,Shirt,Brown,Formal,980
137,Red Jeans,T-Shirt,White,Casual,1972
138,Grey Dress,Jeans,Blue,Casual,2800
139,Black Dress,T-Shirt,Red,Casual,1028
140,Grey Skirt,Jeans,White,Formal,1899
141,Yellow T-Shirt,Sweater,Black,Party,1786
142,White Blazer,Blazer,Brown,Sport,1120
143,Yellow Sweater,T-Shirt,Black,Formal,604
144,Black Blazer,Skirt,Green,Vintage,1736
145,Black Hoodie,Dress,Black,Vintage,2340
146,Green Jeans,Skirt,Green,Formal,2879
147,Red Jeans,Skirt,Blue,Sport,1824
148,Green Hoodie,Jeans,Pink,Party,1728
149,Green Hoodie,Hoodie,Black,Streetwear,1693
150,Grey Shorts,Shirt,Green,Formal,1706
151,Blue Hoodie,Dress,Black,Streetwear,2266
152,Red Shorts,Shorts,Grey,Party,1487
153,Black Jeans,Shorts,White,Formal,997
154,Blue Skirt,Skirt,White,Sport,843
155,Black Shorts,Skirt,Black,Formal,833
156,Grey Sweater,Shorts,Pink,Formal,2177
157,Blue Dress,Shirt,Pink,Casual,1363
158,Red Skirt,Skirt,Green,Streetwear,2945
159,Red Sweater,Dress,Green,Casual,301
160,Blue Dress,Skirt,Black,Sport,824
161,Yellow T-Shirt,Jeans,Black,Vintage,1133
162,Grey Dress,Dress,White,Sport,474
163,Green Jeans,Shorts,Grey,Vintage,592
164,Red Dress,Hoodie,Black,Party,565
165,Yellow T-Shirt,Skirt,Pink,Vintage,992
166,Green Shorts,Dress,Yellow,Casual,2812
167,Red Skirt,Sweater,Blue,Sport,1769
168,Red Shorts,Skirt,Yellow,Party,2486
169,Pink Shirt,Skirt,Pink,Party,1063
170,Red T-Shirt,T-Shirt,Yellow,Vintage,2039
171,Grey Sweater,T-Shirt,Green,Formal,2438
172,White Skirt,Blazer,Blue,Casual,1935
173,Blue Dress,Shorts,Red,Sport,750
174,Red Sweater,Jeans,Black,Sport,1584
175,Blue Blazer,Dress,Blue,Streetwear,1028
176,Grey Blazer,Hoodie,Red,Party,2669
177,White Shorts,Skirt,Red,Vintage,1765
178,Brown Hoodie,Skirt,Yellow,Streetwear,2611
179,Black Sweater,Skirt,Grey,Party,2180
180,Yellow Shorts,Sweater,Grey,Casual,601
181,Yellow Skirt,Skirt,Red,Vintage,2845
182,Green Jeans,Hoodie,Red,Sport,905
183,Green Dress,Hoodie,Red,Party,2031
184,White Shorts,Shorts,Pink,Vintage,2448
185,Red T-Shirt,Skirt,White,Formal,2821
186,Brown Dress,Shirt,Green,Party,1712
187,Black Dress,Hoodie,Pink,Formal,1234
188,Black Jeans,T-Shirt,Brown,Vintage,1150
189,Yellow Hoodie,Skirt,Black,Casual,2883
190,Blue Dress,T-Shirt,Yellow,Vintage,709
191,Blue Skirt,Hoodie,Pink,Sport,701
192,Pink Sweater,Shorts,White,Vintage,577
193,White Jeans,Dress,Yellow,Party,2015
194,Blue Dress,Jeans,Black,Vintage,743
195,Yellow Sweater,Shorts,Blue,Sport,2308
196,Brown Shirt,Sweater,Black,Party,1341
197,Red Shorts,Dress,Brown,Sport,1270
198,Yellow Skirt,Skirt,White,Streetwear,2822
199,Brown Dress,Blazer,Brown,Casual,2164
200,Black Shirt,Dress,White,Sport,396
201,Pink Shirt,Jeans,Brown,Party,1819
202,Brown Shirt,Skirt,Black,Casual,1677
203,Grey Hoodie,Blazer,Brown,Streetwear,2100
204,Pink Shorts,Skirt,Green,Sport,2055
205,Grey T-Shirt,Sweater,Blue,Sport,370
206,Brown Shirt,Sweater,Pink,Vintage,1801
207,Green Blazer,Hoodie,Pink,Formal,1107
208,Black T-Shirt,Skirt,Pink,Formal,784
209,Grey T-Shirt,Sweater,Brown,Streetwear,2787
210,Red Blazer,Dress,Blue,Formal,1577
211,Green Jeans,T-Shirt,Black,Sport,1306
212,Black Sweater,Skirt,Brown,Casual,1182
213,White Skirt,Blazer,Red,Vintage,1023
214,Grey Shirt,Hoodie,Red,Sport,1967
215,Red Skirt,Hoodie,Black,Streetwear,1237
216,Brown Blazer,Blazer,Blue,Casual,1262
217,Pink Jeans,Sweater,Black,Party,2395
218,White Skirt,T-Shirt,Pink,Vintage,2265
219,White Shorts,Shirt,Yellow,Vintage,474
220,Blue T-Shirt,T-Shirt,Blue,Vintage,478
221,Black T-Shirt,Sweater,Black,Sport,1746
222,Pink Hoodie,Hoodie,Yellow,Formal,2937
223,Blue Blazer,Skirt,Brown,Sport,1467
224,Blue Hoodie,Skirt,Pink,Vintage,1447
225,Pink Hoodie,Dress,Green,Casual,2011
226,White Shorts,Jeans,White,Casual,1744
227,Grey Hoodie,T-Shirt,Yellow,Party,737
228,Grey Shorts,Skirt,Red,Formal,467
229,Red Sweater,Jeans,Pink,Vintage,919
230,Red Skirt,Skirt,Yellow,Sport,332
231,Pink Jeans,Jeans,Red,Casual,2908
232,Red Shorts,T-Shirt,Grey,Party,799
233,White Blazer,Shirt,Black,Streetwear,2358
234,White T-Shirt,Skirt,Brown,Vintage,2525
235,Grey Shirt,T-Shirt,Black,Vintage,2391
236,Yellow Hoodie,Skirt,Yellow,Party,1720
237,Blue Shirt,T-Shirt,Yellow,Sport,2538
238,Pink T-Shirt,Skirt,Green,Streetwear,834
239,Yellow Jeans,Dress,Grey,Streetwear,1534
240,Blue Jeans,Jeans,Blue,Vintage,349
241,Black Hoodie,Dress,Brown,Formal,1366
242,Black Shorts,Sweater,Grey,Streetwear,1909
243,Yellow Skirt,Dress,Green,Party,1874
244,Black Sweater,Shorts,Black,Vintage,2115
245,Yellow Shorts,Shirt,Black,Party,819
246,Pink Skirt,Sweater,Yellow,Streetwear,2934
247,Brown Hoodie,Shirt,Brown,Casual,894
248,White Skirt,Sweater,Black,Vintage,2011
249,Red Dress,Blazer,Black,Vintage,2665
250,Brown T-Shirt,Jeans,Yellow,Casual,1236
251,Grey Blazer,Shirt,Brown,Casual,1785
252,Green Jeans,Jeans,Green,Streetwear,1419
253,Yellow Dress,Skirt,Yellow,Formal,916
254,White Blazer,Jeans,Red,Streetwear,1235
255,Grey T-Shirt,Sweater,Yellow,Vintage,1326
256,Black Sweater,Sweater,Grey,Sport,1569
257,Green Dress,Dress,Pink,Streetwear,2668
258,Black Shorts,Shorts,Yellow,Sport,2285
259,Red Shorts,Sweater,Yellow,Party,678
260,Red Jeans,Shorts,Grey,Streetwear,2845
261,Red Jeans,Jeans,Red,Casual,940
262,Brown Skirt,Blazer,Pink,Sport,729
263,Grey Shorts,Dress,White,Sport,2917
264,Red Blazer,Jeans,Grey,Formal,1147
265,Red T-Shirt,Blazer,Red,Vintage,1783
266,Pink T-Shirt,Blazer,Pink,Streetwear,664
267,Pink Sweater,Shirt,Brown,Casual,1068
268,White Hoodie,Sweater,Grey,Formal,1315
269,Red Hoodie,Jeans,Blue,Casual,2634
270,Green Dress,Dress,Black,Casual,1438
271,Blue Blazer,T-Shirt,Black,Vintage,2760
272,Green Hoodie,Jeans,Yellow,Formal,2180
273,Grey Shorts,T-Shirt,White,Casual,879
274,Yellow Hoodie,Sweater,Blue,Sport,479
275,Brown Sweater,T-Shirt,Brown,Casual,1793
276,Blue Skirt,Shorts,Red,Vintage,438
277,Green Shorts,Hoodie,Brown,Party,2523
278,Yellow Dress,Shorts,Brown,Formal,1721
279,Pink T-Shirt,Sweater,Red,Casual,1875
280,Pink Shirt,Skirt,Brown,Casual,1227
281,Yellow Blazer,T-Shirt,Pink,Casual,2568
282,Grey Jeans,Sweater,Green,Streetwear,2553
283,Pink Skirt,T-Shirt,Grey,Vintage,555
284,Blue Blazer,Shirt,Black,Party,2413
285,White Hoodie,Blazer,Grey,Vintage,1884
286,Red Sweater,Skirt,Black,Casual,1674
287,Grey Skirt,Sweater,Red,Vintage,2468
288,Brown Shirt,Jeans,Yellow,Sport,1729
289,White Jeans,T-Shirt,Blue,Party,1700
290,Green Dress,Jeans,Black,Party,2675
291,Red T-Shirt,Blazer,Green,Casual,1538
292,Brown T-Shirt,Sweater,Grey,Streetwear,1609
293,White Sweater,Shorts,Red,Streetwear,2205
294,Grey Blazer,Blazer,Green,Vintage,2892
295,Black Shorts,Jeans,Yellow,Party,2034
296,Yellow Shirt,T-Shirt,Blue,Streetwear,2570
297,Yellow Dress,Jeans,Brown,Formal,1047
298,Blue Jeans,T-Shirt,Black,Party,1498
299,Blue Skirt,Hoodie,Grey,Casual,1264
300,Brown Hoodie,Shirt,Green,Streetwear,945
301,Blue Shirt,Dress,White,Streetwear,712
302,Yellow Dress,Skirt,Yellow,Formal,861
303,Brown Hoodie,Shirt,Grey,Sport,2335
304,Grey Blazer,T-Shirt,Pink,Casual,565
305,Blue Jeans,Skirt,Black,Streetwear,888
306,Black Blazer,Blazer,Yellow,Party,2671
307,Grey Jeans,Hoodie,Green,Vintage,997
308,Pink Skirt,Skirt,White,Sport,832
309,White Skirt,Jeans,White,Casual,766
310,Pink Blazer,Dress,Pink,Streetwear,1332
311,Green Sweater,Hoodie,Brown,Casual,1750
312,Black Hoodie,Shorts,Grey,Streetwear,421
313,White Shirt,Hoodie,Green,Vintage,2574
314,White Skirt,Sweater,Green,Sport,1649
315,White Skirt,Hoodie,Brown,Sport,2743
316,Pink T-Shirt,Shorts,White,Casual,1549
317,Green Skirt,Sweater,Green,Casual,2942
318,Brown Shirt,T-Shirt,Brown,Party,578
319,Black Jeans,Hoodie,Brown,Vintage,2892
320,Red Shorts,Blazer,Green,Casual,485
321,Yellow Jeans,Hoodie,Pink,Party,743
322,Black Dress,Sweater,Black,Vintage,2850
323,Red Blazer,Shorts,Brown,Party,1679
324,Green Sweater,Blazer,Brown,Casual,411
325,Pink Shirt,Shirt,Red,Casual,2892
326,Black Hoodie,Blazer,Green,Streetwear,2865
327,Blue Dress,Shorts,Pink,Streetwear,498
328,Red Dress,T-Shirt,Green,Casual,2231
329,Pink Dress,T-Shirt,Red,Vintage,1914
330,Grey Skirt,Dress,Brown,Sport,600
331,Green Skirt,Shorts,Green,Streetwear,1349
332,Brown Skirt,Hoodie,Yellow,Streetwear,1178
333,White Sweater,Dress,Yellow,Casual,2032
334,Red Hoodie,T-Shirt,Pink,Sport,1491
335,Grey Dress,Hoodie,Brown,Streetwear,1835
336,Pink Shirt,Skirt,Red,Vintage,817
337,Green T-Shirt,Hoodie,Pink,Streetwear,1074
338,Blue Shirt,Hoodie,Grey,Formal,1706
339,Yellow Shorts,Skirt,Black,Streetwear,1837
340,Black Hoodie,Blazer,Black,Casual,2678
341,Pink Dress,Sweater,Grey,Formal,1858
342,Red Dress,Dress,Yellow,Party,2196
343,Brown Sweater,T-Shirt,Brown,Formal,355
344,Blue Shirt,Hoodie,Brown,Sport,1359
345,Blue Hoodie,Shorts,Yellow,Vintage,825
346,White Hoodie,Dress,Grey,Party,798
347,Grey Shorts,Blazer,Grey,Streetwear,2458
348,Pink Blazer,Sweater,Black,Casual,939
349,White Shorts,Dress,Grey,Casual,2735
350,Blue Dress,Shirt,Red,Vintage,560
351,Pink Dress,Jeans,Red,Party,1258
352,Grey Blazer,Blazer,Red,Streetwear,595
353,Yellow Dress,Shirt,Yellow,Streetwear,2397
354,Brown Hoodie,Jeans,Brown,Formal,1130
355,Brown Jeans,T-Shirt,Brown,Vintage,725
356,Brown Hoodie,Shirt,Green,Streetwear,1816
357,Yellow Hoodie,T-Shirt,Pink,Party,1881
358,Green Shirt,Dress,White,Casual,2726
359,Blue Shorts,T-Shirt,Brown,Formal,2118
360,Yellow Dress,Shorts,Grey,Streetwear,1175
361,Brown Dress,Sweater,Pink,Streetwear,2321
362,White Shorts,T-Shirt,White,Sport,2360
363,Black Jeans,Dress,Blue,Streetwear,2662
364,White Skirt,T-Shirt,Red,Sport,2454
365,Black Sweater,Shirt,Red,Sport,1139
366,Brown Shorts,Shorts,Yellow,Casual,619
367,Green Dress,Sweater,Grey,Party,2667
368,Green Jeans,Jeans,Green,Streetwear,2755
369,Blue Hoodie,Dress,Blue,Vintage,1929
370,Grey Dress,Shorts,Black,Streetwear,915
371,Yellow Dress,Shorts,Red,Sport,2785
372,Brown Jeans,Shorts,Green,Vintage,324
373,Black Jeans,Hoodie,Yellow,Formal,1385
374,Grey Sweater,Hoodie,Green,Formal,311
375,White Sweater,Blazer,Green,Streetwear,1882
376,Pink Skirt,Skirt,Red,Casual,2021
377,Blue Jeans,Skirt,Yellow,Sport,1567
378,Brown Dress,Shorts,Brown,Streetwear,2833
379,Grey Sweater,Shorts,Yellow,Party,686
380,Grey Sweater,Hoodie,Black,Sport,530
381,Green Hoodie,Sweater,Grey,Vintage,1633
382,Green Shirt,Jeans,White,Party,905
383,Yellow Hoodie,Shorts,Grey,Vintage,2590
384,Brown T-Shirt,Sweater,Pink,Formal,1062
385,Pink Blazer,Skirt,Pink,Vintage,1930
386,Pink T-Shirt,T-Shirt,Brown,Casual,1311
387,Green Jeans,T-Shirt,Blue,Sport,2342
388,Red Jeans,Blazer,Brown,Sport,2356
389,Blue Jeans,Hoodie,Blue,Streetwear,1929
390,Red Shirt,Shirt,Green,Streetwear,832
391,Pink Shorts,Shirt,White,Party,1670
392,White Skirt,Skirt,Pink,Vintage,2152
393,Red Shirt,Shorts,Green,Casual,803
394,Yellow Skirt,Blazer,Green,Casual,2312
395,Pink T-Shirt,Shorts,Black,Sport,2494
396,White Shorts,Shorts,Black,Formal,1567
397,White Shirt,Dress,Pink,Casual,2991
398,Green Jeans,Dress,White,Formal,2005
399,Black Jeans,Shorts,Brown,Vintage,2500
400,Brown T-Shirt,Skirt,Grey,Sport,2466
401,Grey Shorts,Dress,White,Formal,2341
402,White Jeans,Jeans,Pink,Vintage,937
403,White Skirt,Jeans,Red,Sport,2093
404,Yellow Shirt,Shirt,Grey,Sport,2410
405,Blue Hoodie,Skirt,Black,Party,988
406,Blue Hoodie,Skirt,Brown,Vintage,1695
407,Yellow Skirt,Shorts,Blue,Streetwear,2915
408,White Sweater,Dress,Blue,Party,2083
409,Pink Dress,Sweater,Green,Formal,2736
410,Green Jeans,Skirt,Brown,Casual,2933
411,Red Shirt,Skirt,Blue,Streetwear,2526
412,Yellow Blazer,Shirt,White,Formal,1186
413,Brown Skirt,Shorts,Yellow,Party,2991
414,Grey Hoodie,Jeans,Black,Casual,2800
415,Red Blazer,Hoodie,Grey,Party,1956
416,Grey Blazer,Blazer,Brown,Sport,685
417,Pink Dress,Dress,Brown,Casual,730
418,Red Blazer,T-Shirt,Brown,Formal,879
419,Green Sweater,Shorts,Green,Party,1817
420,Red Blazer,Skirt,Grey,Streetwear,2827
421,Brown Dress,Hoodie,Green,Vintage,777
422,Green Shirt,Shirt,Green,Party,2147
423,Black Shirt,Shirt,Blue,Party,1906
424,Yellow Hoodie,Dress,Black,Formal,1603
425,Brown Blazer,Blazer,Red,Sport,2256
426,Red Dress,T-Shirt,White,Sport,2900
427,Brown Sweater,Blazer,Black,Sport,609
428,Pink Hoodie,Sweater,Green,Formal,2410
429,Blue Skirt,Skirt,Green,Party,1387
430,Red Skirt,Sweater,Blue,Streetwear,1440
431,White T-Shirt,Sweater,Yellow,Sport,789
432,Yellow Sweater,Dress,Pink,Party,2945
433,White Jeans,Skirt,Black,Casual,2622
434,White Skirt,Jeans,Yellow,Sport,2397
435,Black Hoodie,Dress,Brown,Casual,894
436,Green Dress,Skirt,Yellow,Sport,2148
437,Yellow Skirt,Hoodie,Grey,Formal,499
438,Red Shirt,Shorts,Green,Casual,403
439,Yellow T-Shirt,Dress,White,Party,1930
440,White Sweater,T-Shirt,Pink,Formal,1658
441,White Skirt,Jeans,Blue,Sport,2096
442,Black Jeans,Blazer,Yellow,Formal,472
443,Grey Jeans,Skirt,Yellow,Streetwear,1652
444,Green Shirt,Skirt,White,Party,2759
445,Pink Sweater,Shorts,Black,Vintage,1690
446,Green Dress,Jeans,Pink,Formal,1349
447,Black T-Shirt,Jeans,White,Casual,923
448,Red Sweater,Dress,Black,Streetwear,2415
449,Black Blazer,Shirt,Green,Formal,852
450,Green Jeans,Skirt,Red,Vintage,1059
451,Pink Hoodie,T-Shirt,Grey,Formal,1127
452,Brown Sweater,Shorts,Red,Vintage,1225
453,Green Dress,Shorts,Black,Streetwear,2602
454,Blue Jeans,Sweater,Black,Vintage,689
455,Grey Skirt,Blazer,Grey,Sport,599
456,White Dress,Sweater,Red,Streetwear,912
457,Yellow Skirt,T-Shirt,White,Sport,829
458,White Skirt,Jeans,White,Streetwear,1990
459,Grey Hoodie,Blazer,Blue,Streetwear,633
460,Green Blazer,Jeans,Yellow,Casual,2818
461,Blue T-Shirt,Shorts,Green,Party,2424
462,White Skirt,Hoodie,Pink,Streetwear,1812
463,White Blazer,Sweater,Brown,Streetwear,1057
464,Green Shorts,Hoodie,Blue,Party,1071
465,Grey Shirt,Blazer,Blue,Casual,1579
466,Brown Blazer,T-Shirt,Pink,Formal,789
467,White Dress,Skirt,Pink,Party,2734
468,Black Jeans,Jeans,Grey,Casual,1464
469,Brown Sweater,Jeans,Red,Sport,3000
470,Yellow Shorts,Blazer,Blue,Party,584
471,Blue Dress,Shirt,Brown,Vintage,2541
472,Red Skirt,Jeans,Yellow,Streetwear,2653
473,Brown Blazer,Jeans,Green,Formal,495
474,Black Shorts,Blazer,Grey,Sport,2471
475,Red Sweater,Sweater,White,Party,923
476,Grey T-Shirt,Sweater,Yellow,Sport,2604
477,Black Hoodie,Shorts,Yellow,Formal,1166
478,Blue Dress,Sweater,Yellow,Formal,2430
479,Yellow Hoodie,Shirt,Black,Vintage,2432
480,Black T-Shirt,Hoodie,Yellow,Formal,1518
481,Brown Sweater,Blazer,Grey,Sport,700
482,Pink T-Shirt,Hoodie,Black,Vintage,1666
483,Blue T-Shirt,Jeans,Yellow,Sport,344
484,White Jeans,Shorts,Brown,Sport,980
485,Red T-Shirt,Skirt,Blue,Sport,2008
486,Red Jeans,Jeans,Blue,Casual,1694
487,Pink Skirt,Sweater,Pink,Party,2789
488,White Skirt,Dress,Yellow,Formal,1274
489,Black Blazer,Hoodie,Pink,Party,2589
490,Grey Skirt,Shorts,Pink,Formal,2752
491,Black Sweater,Blazer,Black,Sport,2525
492,Grey Blazer,Shirt,Brown,Streetwear,2052
493,Green Dress,Sweater,Green,Party,2591
494,Black Dress,Dress,Grey,Sport,1718
495,Yellow T-Shirt,T-Shirt,Yellow,Streetwear,1029
496,Red Jeans,Skirt,White,Casual,1128
497,White Hoodie,Dress,Black,Vintage,2389
498,Yellow T-Shirt,Hoodie,Green,Vintage,1634
499,Blue Shorts,Jeans,Brown,Party,2967
500,Black Skirt,Skirt,White,Streetwear,2899
501,Green Shorts,Skirt,Pink,Casual,1259
502,Red T-Shirt,Dress,Brown,Party,2814
503,Black Dress,Jeans,Green,Casual,2141
504,White Shorts,Hoodie,Yellow,Streetwear,969
505,White T-Shirt,Hoodie,Pink,Casual,1748
506,Black Jeans,Shirt,Black,Casual,2666
507,Black Skirt,Dress,Yellow,Formal,1821
508,Brown Shorts,Blazer,Blue,Party,1573
509,Blue Hoodie,Blazer,Green,Sport,2360
510,Blue Hoodie,Shirt,Grey,Party,306
511,White Jeans,Jeans,Yellow,Streetwear,603
512,Pink Shorts,Shirt,White,Vintage,2867
513,Black Shirt,Shirt,Yellow,Streetwear,852
514,White Dress,T-Shirt,Red,Formal,980
515,Green T-Shirt,Skirt,Yellow,Party,2112
516,Black Blazer,Jeans,White,Casual,1428
517,Red Dress,Sweater,Pink,Vintage,1617
518,Yellow Blazer,Sweater,Red,Casual,1585
519,Black Dress,Skirt,Brown,Sport,661
520,Red Hoodie,Blazer,Brown,Casual,2270
521,Yellow Dress,T-Shirt,Red,Streetwear,2422
522,Black Skirt,T-Shirt,Red,Sport,2615
523,Red Dress,Shorts,Green,Streetwear,1227
524,Pink Blazer,Skirt,Grey,Casual,341
525,Blue Hoodie,Dress,Grey,Formal,1816
526,Black Blazer,Skirt,Yellow,Formal,2255
527,Pink Sweater,Jeans,Green,Streetwear,718
528,Blue Blazer,Hoodie,Brown,Sport,2832
529,Black Blazer,Shirt,Grey,Vintage,1752
530,White Hoodie,Dress,Blue,Formal,942
531,Red Shirt,Shorts,Blue,Streetwear,787
532,Yellow Sweater,T-Shirt,Red,Formal,2280
533,Yellow Jeans,T-Shirt,Blue,Formal,1863
534,Blue Skirt,Shirt,Blue,Vintage,1142
535,Black Skirt,T-Shirt,Black,Streetwear,1402
536,Green T-Shirt,Shorts,Pink,Vintage,2475
537,Yellow Skirt,Hoodie,Black,Sport,503
538,Yellow T-Shirt,Hoodie,Black,Vintage,2874
539,Grey Hoodie,Shirt,Brown,Vintage,677
540,Blue Dress,Blazer,Yellow,Formal,2107
541,Red Hoodie,Sweater,Black,Formal,842
542,White Jeans,Skirt,Yellow,Party,777
543,Brown Shirt,Hoodie,White,Party,2457
544,Red Skirt,Jeans,Pink,Casual,2766
545,White Sweater,Sweater,Black,Casual,2287
546,White Dress,Dress,White,Party,2791
547,Pink Hoodie,T-Shirt,Yellow,Casual,1697
548,Brown T-Shirt,Jeans,White,Formal,2836
549,White Sweater,Blazer,Grey,Sport,2317
550,Grey Shirt,Jeans,Blue,Streetwear,748
551,Grey Jeans,Hoodie,Green,Sport,1559
552,Red Dress,T-Shirt,Red,Vintage,689
553,Blue Shirt,Skirt,Grey,Casual,2025
554,Black Dress,Dress,Black,Vintage,2812
555,Pink Shorts,Shorts,Blue,Streetwear,1281
556,White T-Shirt,Dress,Black,Vintage,648
557,Pink Dress,Blazer,Pink,Vintage,2086
558,Green Blazer,Blazer,Pink,Sport,983
559,Black Skirt,Skirt,White,Vintage,2455
560,Grey Hoodie,Jeans,Green,Sport,2659
561,Red Dress,Shirt,Brown,Formal,1732
562,Pink Dress,Hoodie,Yellow,Party,1593
563,Blue Hoodie,Shorts,Grey,Formal,2996
564,White T-Shirt,Skirt,Red,Vintage,512
565,White Blazer,Skirt,Green,Casual,1075
566,Green Dress,Jeans,Green,Streetwear,1430
567,Grey Hoodie,Hoodie,Black,Formal,1556
568,Grey Shorts,Shorts,White,Sport,1365
569,Green Jeans,Shirt,Blue,Casual,1735
570,Pink Blazer,Hoodie,Pink,Casual,721
571,Grey Dress,Shorts,Grey,Vintage,1453
572,Brown Skirt,Blazer,Grey,Sport,354
573,Grey Blazer,Blazer,Brown,Sport,614
574,Brown Jeans,Hoodie,Yellow,Sport,2923
575,Green Jeans,Shorts,White,Vintage,1600
576,White Blazer,Skirt,Red,Party,2134
577,Blue Dress,Blazer,Green,Formal,1933
578,Brown Skirt,Blazer,Blue,Casual,2953
579,Red Blazer,Hoodie,Black,Formal,992
580,Black Dress,Shorts,Pink,Vintage,1965
581,Grey T-Shirt,Blazer,Pink,Streetwear,2539
582,Green Jeans,Hoodie,Red,Formal,892
583,Red Sweater,Dress,Brown,Sport,474
584,White Sweater,Shirt,Red,Party,785
585,Green T-Shirt,Sweater,Grey,Sport,1096
586,Yellow T-Shirt,Shirt,Black,Casual,447
587,Green Dress,Sweater,Brown,Casual,1258
588,Green Sweater,Skirt,Blue,Casual,565
589,Grey Dress,Jeans,Brown,Vintage,618
590,Black Blazer,Sweater,White,Streetwear,677
591,Blue Skirt,Hoodie,Grey,Formal,1095
592,Brown Shirt,Jeans,Brown,Sport,1920
593,Green Shorts,T-Shirt,Pink,Streetwear,2691
594,Pink Sweater,Skirt,Green,Vintage,1246
595,Brown Shirt,Shorts,Black,Sport,1118
596,Black Shirt,Skirt,Yellow,Casual,2672
597,Red Shirt,Dress,White,Formal,987
598,Green Hoodie,Dress,White,Streetwear,1300
599,Red Shorts,T-Shirt,Red,Vintage,2118
600,Brown Dress,Skirt,Brown,Formal,2149
601,Green Shorts,Blazer,Brown,Sport,1819
602,Blue T-Shirt,Hoodie,Green,Sport,1931
603,Brown Hoodie,Hoodie,Brown,Streetwear,2144
604,Black Shorts,Blazer,Yellow,Vintage,1907
605,Blue Blazer,Sweater,Yellow,Vintage,453
606,Pink Sweater,Dress,Green,Formal,2260
607,Green Dress,Jeans,Pink,Sport,2469
608,Blue Blazer,Skirt,Black,Party,1114
609,White Jeans,Skirt,Yellow,Casual,2127
610,Grey Shirt,Dress,White,Streetwear,1970
611,White Hoodie,Hoodie,Black,Vintage,2846
612,Brown Hoodie,Skirt,Yellow,Streetwear,1439
613,Brown Dress,Skirt,Red,Streetwear,1852
614,Brown Blazer,Shorts,Brown,Casual,2743
615,Green Shorts,Blazer,White,Party,1486
616,Red Hoodie,Shirt,Brown,Casual,1010
617,Black Hoodie,Hoodie,Black,Sport,1082
618,White T-Shirt,Shorts,Green,Streetwear,2221
619,Brown Blazer,Dress,Blue,Vintage,551
620,Red Hoodie,T-Shirt,Pink,Formal,2031
621,White Jeans,T-Shirt,Black,Formal,1513
622,White Skirt,Sweater,Pink,Streetwear,385
623,Green Shirt,Hoodie,Yellow,Party,1448
624,Green Dress,Skirt,Black,Casual,2172
625,Pink T-Shirt,Blazer,Pink,Streetwear,636
626,Yellow Skirt,Shirt,White,Vintage,365
627,Red Blazer,Skirt,Black,Casual,446
628,Brown Sweater,T-Shirt,Black,Sport,543
629,Green Hoodie,Sweater,Yellow,Formal,860
630,Yellow Jeans,Dress,Green,Casual,1898
631,Brown Sweater,Shorts,Brown,Formal,614
632,Black Sweater,Hoodie,White,Formal,2906
633,Black Sweater,Blazer,Brown,Vintage,2812
634,Green T-Shirt,T-Shirt,Blue,Sport,2849
635,Green Dress,Skirt,Yellow,Casual,1857
636,Green Blazer,Shorts,Grey,Party,2673
637,Blue Shirt,Shorts,Pink,Casual,564
638,White Sweater,Hoodie,Green,Party,1489
639,Black T-Shirt,Sweater,Yellow,Vintage,1115
640,White Shorts,Shirt,Grey,Vintage,1752
641,Blue Skirt,Dress,Brown,Streetwear,962
642,White Hoodie,T-Shirt,White,Sport,314
643,Grey Hoodie,Blazer,Red,Vintage,2403
644,Brown Jeans,Skirt,Brown,Formal,2608
645,Green T-Shirt,Shorts,Black,Formal,1615
646,Blue Hoodie,Shorts,Green,Vintage,977
647,Grey Hoodie,Hoodie,Red,Streetwear,2018
648,Yellow T-Shirt,Sweater,Pink,Casual,1917
649,Blue Shirt,Dress,Blue,Formal,2102
650,Yellow Jeans,Shirt,Brown,Sport,1119
651,Yellow Shorts,Shorts,Brown,Formal,2179
652,Red Hoodie,Dress,Green,Streetwear,625
653,Blue Jeans,Jeans,Green,Casual,2590
654,White Shirt,Blazer,Yellow,Vintage,2418
655,Black Skirt,Dress,Red,Streetwear,2788
656,Green Sweater,Hoodie,Black,Streetwear,1323
657,Blue T-Shirt,Shorts,Red,Streetwear,534
658,Green T-Shirt,Blazer,Yellow,Sport,1343
659,Red Jeans,Dress,Green,Party,2651
660,Green Hoodie,Hoodie,White,Streetwear,567
661,Black Skirt,T-Shirt,Brown,Party,952
662,Red T-Shirt,Shirt,Brown,Casual,562
663,Brown Skirt,Hoodie,Blue,Vintage,670
664,Brown Hoodie,Blazer,Green,Vintage,1426
665,Red Dress,Jeans,Red,Sport,2311
666,Blue Jeans,Skirt,Yellow,Party,683
667,Blue Shorts,Jeans,Red,Streetwear,2904
668,White Jeans,Hoodie,White,Sport,2495
669,Pink Jeans,Shorts,Pink,Streetwear,1727
670,Pink T-Shirt,Dress,Grey,Vintage,1224
671,Red Shirt,Blazer,Pink,Sport,2898
672,Brown T-Shirt,T-Shirt,Brown,Party,1263
673,Green Skirt,Shirt,Black,Formal,1557
674,White Skirt,Hoodie,Blue,Streetwear,2446
675,Grey Shirt,Shorts,Black,Streetwear,895
676,White Jeans,Hoodie,Brown,Sport,1054
677,Yellow Hoodie,Shirt,Grey,Streetwear,1499
678,Red T-Shirt,Jeans,Blue,Casual,2373
679,Grey T-Shirt,Shirt,Yellow,Vintage,2991
680,Red Shirt,Hoodie,Pink,Casual,2232
681,White Jeans,Jeans,Black,Vintage,442
682,Green Hoodie,Blazer,Brown,Sport,2249
683,Brown T-Shirt,Dress,Green,Streetwear,2276
684,Blue Blazer,Shirt,Green,Vintage,622
685,Green Hoodie,Blazer,Blue,Streetwear,1439
686,Pink Skirt,Dress,Blue,Formal,475
687,White Dress,Hoodie,Pink,Streetwear,1509
688,White Blazer,T-Shirt,Black,Formal,2630
689,Grey Sweater,Hoodie,Pink,Streetwear,1410
690,Red Shorts,T-Shirt,Yellow,Party,437
691,Yellow Shorts,T-Shirt,Yellow,Vintage,2180
692,Grey Jeans,Skirt,Red,Casual,2014
693,Green Blazer,Blazer,Black,Casual,2312
694,Black Skirt,T-Shirt,Blue,Streetwear,2463
695,Black T-Shirt,Shorts,Pink,Sport,708
696,Black Shirt,Shorts,Blue,Formal,741
697,Pink Jeans,Blazer,Grey,Casual,2226
698,White Dress,Dress,Green,Casual,2298
699,Blue Hoodie,Shorts,Grey,Party,2767
700,Red Shirt,Shirt,White,Party,612
701,Yellow Skirt,Blazer,Grey,Casual,1347
702,Black Shirt,Shirt,Pink,Sport,2817
703,Yellow Shorts,Hoodie,Green,Streetwear,1093
704,Yellow Shorts,Blazer,Green,Streetwear,2415
705,Grey Shirt,Skirt,Yellow,Vintage,661
706,Grey T-Shirt,T-Shirt,White,Sport,2543
707,Red Hoodie,Hoodie,Pink,Streetwear,2901
708,Green Jeans,Jeans,Red,Formal,2644
709,Green Hoodie,Jeans,Green,Sport,1821
710,Yellow Jeans,Dress,Brown,Sport,1642
711,Black Jeans,Hoodie,Black,Casual,1506
712,Green Shorts,Jeans,Grey,Party,2433
713,Brown Skirt,Shirt,Pink,Streetwear,1606
714,Yellow Shirt,T-Shirt,Blue,Casual,1586
715,Yellow Hoodie,Skirt,Brown,Party,923
716,Red Sweater,Sweater,Pink,Casual,544
717,Grey Sweater,Shirt,White,Party,1727
718,Blue Dress,Dress,Red,Party,1301
719,Yellow Blazer,Dress,Grey,Sport,1565
720,Blue Hoodie,Hoodie,Black,Formal,1579
721,Yellow Shorts,Shorts,Brown,Sport,745
722,Green Dress,Jeans,Black,Formal,2649
723,Pink T-Shirt,Blazer,Green,Streetwear,2487
724,Yellow Shorts,Jeans,Grey,Vintage,668
725,Grey Shirt,Shirt,Red,Sport,1583
726,Green Sweater,T-Shirt,Red,Formal,2569
727,Green Shorts,Shirt,Red,Casual,2442
728,Yellow Skirt,Shirt,Pink,Casual,2038
729,Yellow Blazer,Blazer,Red,Casual,1275
730,Yellow Shorts,T-Shirt,Brown,Casual,1129
731,Red Shorts,Skirt,Red,Sport,660
732,Red T-Shirt,Shirt,Black,Vintage,2425
733,Pink Hoodie,Dress,Black,Vintage,1655
734,Brown Hoodie,Hoodie,Yellow,Streetwear,2168
735,Red Hoodie,Blazer,Brown,Party,990
736,White Skirt,Jeans,Red,Streetwear,1470
737,Red Shirt,T-Shirt,Red,Streetwear,867
738,Pink Dress,Dress,Brown,Sport,2984
739,Black Dress,T-Shirt,Green,Party,1146
740,Yellow Sweater,Dress,Black,Casual,720
741,Green Shorts,Blazer,Red,Streetwear,603
742,Blue Shorts,T-Shirt,Yellow,Sport,1526
743,Red Dress,T-Shirt,Black,Party,2144
744,Yellow Blazer,Skirt,Grey,Formal,2883
745,Brown Hoodie,Shorts,Blue,Formal,2884
746,Brown Blazer,T-Shirt,Green,Formal,2940
747,Pink Sweater,Hoodie,Grey,Vintage,2485
748,Blue Shorts,Dress,Black,Vintage,1332
749,Blue Skirt,Skirt,Pink,Vintage,365
750,Green Dress,Hoodie,Green,Vintage,330
751,White Shirt,Hoodie,Green,Formal,2950
752,Pink Shirt,Skirt,Grey,Formal,1532
753,White Jeans,Hoodie,Pink,Streetwear,2693
754,Pink Skirt,Sweater,White,Streetwear,981
755,Blue Dress,Jeans,Yellow,Sport,2241
756,White Skirt,Skirt,Grey,Party,2298
757,Black Shorts,Blazer,Green,Formal,839
758,Pink Shorts,Jeans,Red,Vintage,1181
759,Red Shorts,Blazer,Blue,Casual,735
760,Blue T-Shirt,T-Shirt,Green,Party,771
761,Yellow Sweater,Skirt,Yellow,Vintage,477
762,Yellow Shorts,Shorts,Black,Party,1102
763,Red Shirt,Shorts,Pink,Casual,2678
764,Green Skirt,Dress,Grey,Party,943
765,Green Shirt,Hoodie,Grey,Party,1102
766,Pink Sweater,Dress,Grey,Party,453
767,White Dress,Blazer,Yellow,Sport,1459
768,Green Shorts,Hoodie,Pink,Streetwear,735
769,Blue Skirt,Hoodie,Pink,Vintage,1629
770,White Shorts,Shorts,Yellow,Formal,2894
771,Brown Jeans,Shorts,Blue,Formal,1831
772,Green Shirt,Blazer,Grey,Party,1656
773,Green Skirt,Shirt,Green,Casual,1574
774,Green Sweater,Blazer,Grey,Vintage,865
775,Black Blazer,Shorts,Blue,Vintage,1371
776,White Sweater,T-Shirt,White,Casual,1215
777,Red Dress,Dress,Blue,Casual,2945
778,Black Skirt,Skirt,White,Casual,812
779,Black Skirt,Skirt,Pink,Streetwear,2553
780,Yellow Shorts,Shirt,Brown,Party,1269
781,Green Skirt,Skirt,Black,Streetwear,2436
782,Pink Skirt,Jeans,Blue,Streetwear,1110
783,Grey Skirt,Sweater,White,Casual,808
784,Green Blazer,Blazer,Pink,Sport,1933
785,Yellow Blazer,Shirt,Grey,Vintage,1581
786,Red Blazer,Dress,Pink,Casual,520
787,Green Shorts,Blazer,White,Vintage,2909
788,Black Skirt,Blazer,White,Streetwear,1718
789,Red Skirt,Shirt,Brown,Formal,1611
790,Green Blazer,Shorts,Brown,Streetwear,2511
791,Blue Dress,Skirt,Blue,Casual,2936
792,Grey Blazer,Jeans,White,Streetwear,2487
793,Grey T-Shirt,T-Shirt,Yellow,Sport,506
794,White Sweater,Hoodie,White,Sport,2703
795,Yellow Sweater,Sweater,Green,Casual,390
796,Grey Blazer,Hoodie,Green,Casual,580
797,Red Shirt,Jeans,Yellow,Formal,571
798,Brown T-Shirt,Shorts,Blue,Sport,815
799,White Shirt,Shorts,Red,Casual,2370
800,Red Jeans,Shirt,Grey,Sport,2148
801,White Skirt,Shorts,Grey,Casual,2859
802,Brown Hoodie,Shirt,Yellow,Vintage,2726
803,Pink Jeans,Hoodie,Brown,Formal,617
804,White Hoodie,Skirt,Green,Casual,2254
805,White Shirt,Hoodie,Brown,Streetwear,2361
806,White Sweater,Shirt,Red,Vintage,1997
807,Brown Skirt,Hoodie,Yellow,Casual,2754
808,Brown Shirt,T-Shirt,White,Formal,755
809,Brown T-Shirt,Skirt,Red,Vintage,1191
810,Blue Sweater,Sweater,Brown,Formal,660
811,Red Sweater,Dress,Green,Vintage,1795
812,Black Shirt,T-Shirt,Brown,Formal,1959
813,Yellow Hoodie,Dress,Pink,Vintage,1600
814,White Shirt,Shirt,Pink,Formal,2324
815,Pink Dress,Sweater,Brown,Casual,1531
816,Yellow Dress,Shorts,Grey,Sport,934
817,Pink Hoodie,Shirt,Green,Vintage,579
818,Grey Jeans,Jeans,Yellow,Formal,587
819,Blue Shirt,Skirt,Blue,Formal,2704
820,Green Shirt,T-Shirt,Brown,Party,979
821,White Shirt,Shirt,Black,Party,2015
822,Black Blazer,Dress,Black,Formal,2621
823,White Skirt,Jeans,White,Vintage,488
824,White Shirt,Skirt,Black,Formal,1756
825,Grey Skirt,Jeans,Yellow,Party,2234
826,Pink Sweater,Blazer,Brown,Streetwear,2449
827,Grey Skirt,Hoodie,Brown,Casual,820
828,Yellow Skirt,Dress,Blue,Vintage,2306
829,Green Dress,Sweater,Brown,Casual,506
830,Brown Hoodie,Skirt,Green,Streetwear,1014
831,Pink Sweater,Jeans,Black,Sport,2950
832,Blue Jeans,Sweater,Black,Formal,1677
833,Grey Jeans,Skirt,Grey,Sport,1650
834,Red Jeans,Jeans,Yellow,Party,1424
835,White Blazer,Jeans,Red,Party,1085
836,Yellow Shirt,Dress,Yellow,Streetwear,1053
837,White Jeans,Shirt,White,Vintage,2432
838,Black Shorts,Shirt,Yellow,Formal,2203
839,Pink Jeans,Dress,White,Formal,2317
840,Blue Skirt,Jeans,Black,Party,2262
841,Pink Blazer,Shirt,Black,Formal,615
842,Grey Shirt,Blazer,Blue,Streetwear,741
843,Black Sweater,Jeans,Grey,Casual,1464
844,Black Sweater,Jeans,Red,Formal,1356
845,Yellow T-Shirt,Skirt,Yellow,Streetwear,2594
846,Blue T-Shirt,Jeans,Grey,Formal,376
847,Blue Sweater,T-Shirt,White,Sport,1568
848,Red Shorts,T-Shirt,Yellow,Formal,2069
849,Blue Blazer,Jeans,Yellow,Streetwear,1242
850,Green Blazer,Jeans,Green,Vintage,1245
851,Green Jeans,Skirt,Pink,Streetwear,1238
852,White Hoodie,Sweater,Blue,Casual,1382
853,Grey Shirt,Blazer,Green,Vintage,1437
854,Red Blazer,Shorts,Red,Casual,1828
855,Green Dress,Shorts,Pink,Casual,2960
856,Yellow Skirt,Blazer,Blue,Streetwear,1191
857,White Blazer,Hoodie,Brown,Sport,946
858,Green Dress,Shorts,Blue,Sport,1007
859,Yellow T-Shirt,Shorts,Green,Formal,2475
860,Pink Shorts,Hoodie,White,Streetwear,1241
861,Red Hoodie,Shorts,Yellow,Vintage,2691
862,Black Hoodie,Jeans,Grey,Streetwear,1767
863,White Sweater,Sweater,Red,Casual,2102
864,Black Skirt,Blazer,Yellow,Party,2973
865,Blue Skirt,Shirt,Grey,Vintage,1006
866,Brown Shirt,Skirt,Green,Sport,1119
867,Blue Shirt,Jeans,White,Formal,2461
868,Red T-Shirt,Dress,Brown,Streetwear,1677
869,Red Blazer,Sweater,White,Casual,1856
870,Brown Dress,Dress,White,Streetwear,623
871,Red Sweater,Jeans,Blue,Sport,2997
872,Grey Skirt,Sweater,Pink,Party,2482
873,Pink Blazer,Jeans,Red,Vintage,1650
874,Green Blazer,Skirt,Black,Sport,905
875,Brown Dress,Shorts,Blue,Party,1143
876,Blue Skirt,Shirt,Blue,Formal,2731
877,Green Blazer,Shirt,Grey,Vintage,642
878,Black T-Shirt,Shorts,Blue,Streetwear,1657
879,Yellow Hoodie,Dress,Grey,Sport,2337
880,Grey Skirt,T-Shirt,Grey,Vintage,1334
881,Pink Shirt,T-Shirt,Green,Casual,1620
882,Blue Sweater,Jeans,Brown,Vintage,1137
883,Black Shorts,Blazer,Blue,Formal,451
884,Grey Hoodie,Jeans,Grey,Streetwear,851
885,White Shorts,Sweater,Pink,Streetwear,2622
886,Yellow Hoodie,Shorts,Brown,Party,1948
887,Red T-Shirt,Shorts,Blue,Streetwear,537
888,Brown T-Shirt,Sweater,Green,Party,973
889,Blue Blazer,Dress,Yellow,Casual,2352
890,Yellow Dress,Shirt,Blue,Streetwear,704
891,Grey Sweater,Shorts,Black,Streetwear,1858
892,Pink Dress,Hoodie,Grey,Streetwear,2485
893,Pink Hoodie,Dress,Red,Party,970
894,Brown T-Shirt,Dress,Red,Vintage,2719
895,Yellow Shorts,Dress,Pink,Party,2383
896,Yellow T-Shirt,Skirt,Grey,Casual,2702
897,Black Shirt,Jeans,Red,Streetwear,2543
898,Black Dress,Dress,Brown,Formal,2967
899,Blue Sweater,Hoodie,Red,Party,2381
900,Red Jeans,Jeans,Pink,Casual,466
901,White Shirt,Shirt,Yellow,Casual,1118
902,Brown Shorts,Shirt,Green,Vintage,1938
903,Red Jeans,Jeans,Blue,Casual,1363
904,Pink Hoodie,Sweater,Brown,Vintage,2534
905,Blue Jeans,Hoodie,Yellow,Streetwear,351
906,Brown Skirt,T-Shirt,Red,Casual,2429
907,Red Sweater,Jeans,Blue,Streetwear,2160
908,Brown Shirt,Blazer,Black,Streetwear,1807
909,Red Blazer,Hoodie,Black,Formal,823
910,White Shirt,Blazer,Green,Formal,502
911,White Shorts,Skirt,Red,Party,1066
912,Yellow Sweater,Shorts,Pink,Party,1806
913,Pink Hoodie,Hoodie,Green,Formal,1470
914,Grey Shirt,Hoodie,Blue,Casual,2167
915,Blue Shorts,Blazer,Grey,Formal,1264
916,Yellow Hoodie,Skirt,Brown,Formal,2437
917,Black Dress,Jeans,Brown,Streetwear,2050
918,Yellow T-Shirt,Shirt,Red,Casual,350
919,Grey T-Shirt,Dress,Pink,Vintage,1985
920,Yellow Blazer,Skirt,Yellow,Sport,324
921,Red Shirt,Shorts,Brown,Party,1538
922,Yellow T-Shirt,Shirt,Yellow,Party,1701
923,Grey Blazer,Hoodie,Black,Vintage,2192
924,Blue Blazer,T-Shirt,Red,Vintage,1697
925,Grey Shirt,T-Shirt,Red,Vintage,2545
926,Red Jeans,Jeans,Green,Sport,2092
927,Pink Dress,Jeans,White,Formal,431
928,Yellow T-Shirt,Hoodie,Black,Vintage,1816
929,Grey Jeans,Hoodie,Brown,Sport,796
930,Red Dress,Skirt,White,Sport,1259
931,Blue Jeans,Sweater,Black,Formal,2469
932,Blue Sweater,Skirt,Brown,Vintage,301
933,Pink Shorts,Dress,Brown,Party,1194
934,Green Shorts,Sweater,Blue,Party,1371
935,Grey Skirt,Sweater,Grey,Sport,836
936,Black Dress,Sweater,Blue,Formal,351
937,White Jeans,Shorts,Red,Party,1874
938,Pink Dress,Skirt,Black,Sport,2066
939,Black Jeans,Skirt,White,Party,2270
940,Pink Shirt,T-Shirt,Pink,Party,2561
941,Blue Shorts,Shirt,Green,Vintage,2768
942,Pink Sweater,Jeans,Brown,Casual,1089
943,White Hoodie,Hoodie,Green,Sport,1476
944,Green Shorts,Sweater,Brown,Casual,2494
945,Brown Dress,Blazer,Brown,Vintage,1077
946,Brown Dress,Sweater,Black,Vintage,2737
947,Grey Dress,T-Shirt,Yellow,Vintage,940
948,Black Hoodie,Jeans,Yellow,Streetwear,1002
949,White Dress,Dress,Yellow,Formal,384
950,Green Shirt,Blazer,Black,Formal,2353
951,Green Jeans,Skirt,Black,Casual,513
952,Grey Sweater,T-Shirt,Black,Sport,2295
953,Yellow Blazer,T-Shirt,Yellow,Sport,2267
954,Pink Jeans,Dress,White,Party,1698
955,White Shorts,Dress,Red,Casual,2363
956,Yellow Blazer,Skirt,Blue,Vintage,1099
957,Yellow Hoodie,Jeans,Grey,Formal,2885
958,White Hoodie,Blazer,Black,Sport,1290
959,Pink Blazer,Shirt,White,Party,1357
960,Grey Jeans,Blazer,Brown,Sport,2940
961,Grey Sweater,Skirt,Blue,Formal,2346
962,Brown Skirt,Blazer,Brown,Streetwear,598
963,Red Blazer,Shorts,Blue,Streetwear,1315
964,Yellow Dress,Dress,Grey,Casual,2336
965,Black Shirt,Dress,Red,Vintage,1173
966,Yellow Skirt,Jeans,White,Formal,2121
967,Yellow Shirt,Shirt,White,Sport,2468
968,Blue Sweater,Blazer,Black,Casual,1511
969,Brown Hoodie,Blazer,Blue,Streetwear,1233
970,Pink Blazer,Dress,Pink,Casual,2092
971,Black Sweater,Jeans,Pink,Sport,2293
972,Red Dress,Dress,Red,Casual,503
973,Red Skirt,Dress,Brown,Vintage,592
974,Black Shirt,Hoodie,Red,Formal,2134
975,Black Dress,Shirt,Red,Formal,465
976,Brown Dress,Hoodie,Red,Party,2177
977,Black Dress,Jeans,Blue,Formal,1574
978,Blue Skirt,Jeans,Grey,Party,1091
979,Black Jeans,Skirt,White,Vintage,2627
980,Brown Sweater,Shorts,Black,Vintage,1607
981,Green Sweater,Skirt,Black,Party,2628
982,Yellow Sweater,Shirt,Yellow,Party,475
983,Grey Shorts,Shirt,Red,Party,1832
984,Blue Blazer,Jeans,Black,Streetwear,2164
985,Yellow Shorts,Jeans,Grey,Party,2689
986,Green Hoodie,Skirt,Brown,Streetwear,916
987,Brown T-Shirt,Jeans,Green,Formal,1284
988,Yellow T-Shirt,Shorts,Red,Party,1467
989,Blue Blazer,Blazer,Blue,Party,1602
990,Blue Hoodie,T-Shirt,Yellow,Vintage,2276
991,White Skirt,Dress,Grey,Casual,2881
992,Grey Shorts,Dress,Black,Casual,386
993,Blue Jeans,Hoodie,Pink,Streetwear,1269
994,Red Shorts,Blazer,Grey,Sport,2717
995,Yellow Shirt,Blazer,Pink,Streetwear,2098
996,Brown Dress,Shorts,Blue,Vintage,1506
997,Yellow Shorts,Sweater,Green,Sport,509
998,Yellow Shirt,Jeans,White,Formal,2556
999,Pink Hoodie,T-Shirt,Grey,Formal,2630
1000,Red Blazer,Shirt,Brown,Formal,2849
